CREATE TABLE PROFESOR(
	DNI VARCHAR(9) NOT NULL,
	NOMBRE VARCHAR(41) NOT NULL,
	AP1 VARCHAR(35) NOT NULL,
	AP2 VARCHAR(35) NULL,
	DIRECCION VARCHAR(40) NOT NULL,
	CUENTA VARCHAR(24) NOT NULL,
	TELEFONO NUMBER(9) NOT NULL,
	CONSTRAINT PK_PROFESOR PRIMARY KEY(DNI)
);

CREATE TABLE CICLOFORM(
	CODCICLO NUMBER(4) NOT NULL,
	NOMBRE VARCHAR(35) NOT NULL,
	TIPO VARCHAR(30) NOT NULL,
	CONSTRAINT PK_CICLOFORM PRIMARY KEY(CODCICLO)
);

ALTER TABLE ASIGNATURA MODIFY NUMHORAS NUMBER(3);

CREATE TABLE ASIGNATURA(
	CODASIG NUMBER(4) NOT NULL,
	NOMBRE VARCHAR(35) NOT NULL,
	NUMHORAS NUMBER(2) NOT NULL,
	DNI VARCHAR(9) NOT NULL,
	CODCICLO NUMBER(4) NOT NULL,
	CONSTRAINT PK_ASIGNATURA PRIMARY KEY(CODASIG),
	CONSTRAINT FK_PROFESOR FOREIGN KEY(DNI) REFERENCES PROFESOR(DNI),
	CONSTRAINT FK_CICLOFORM FOREIGN KEY(CODCICLO) REFERENCES CICLOFORM(CODCICLO)
);

CREATE TABLE IDIOMA(
	CODIDIOMA NUMBER(2) NOT NULL,
	DESCRIPCION VARCHAR(30) NOT NULL,
	CONSTRAINT PK_IDIOMA PRIMARY KEY(CODIDIOMA)
);

CREATE TABLE ALUMNO(
	DNI VARCHAR(9) NOT NULL,
	NOMBRE VARCHAR(41) NOT NULL,
	AP1 VARCHAR(35) NOT NULL,
	AP2 VARCHAR(35) NULL,
	DIRECCION VARCHAR(40) NOT NULL,
	EMAIL VARCHAR(40) NOT NULL,
	TELEFONO NUMBER(9) NOT NULL,
	CODIDIOMA NUMBER(2) NULL,
	CONSTRAINT PK_ALUMNO PRIMARY KEY(DNI),
	CONSTRAINT FK_IDIOMA FOREIGN KEY(CODIDIOMA) REFERENCES IDIOMA(CODIDIOMA) 
);

CREATE TABLE MATRICULA(
	DNI VARCHAR(9) NOT NULL,
	CODASIG NUMBER(4) NOT NULL,
	CONSTRAINT PK_MATRICULA PRIMARY KEY(DNI, CODASIG),
	CONSTRAINT FK_ALUMNO FOREIGN KEY(DNI) REFERENCES ALUMNO(DNI),
	CONSTRAINT FK_ASIGNATURA FOREIGN KEY(CODASIG) REFERENCES ASIGNATURA(CODASIG)
);

CREATE TABLE IDIOMASPROF(
	CODIDIOMA NUMBER(2) NOT NULL,
	DNI VARCHAR(9) NOT NULL,
	CONSTRAINT PK_IDIOMASPROF PRIMARY KEY(CODIDIOMA,DNI),
	CONSTRAINT FK_IDIOMA2 FOREIGN KEY(CODIDIOMA) REFERENCES IDIOMA(CODIDIOMA),
	CONSTRAINT FK_PROFESOR2 FOREIGN KEY(DNI) REFERENCES PROFESOR(DNI)
);

CREATE TABLE DATOSPERSONALES(
	DNI VARCHAR(9) NOT NULL,
	NOMBRE VARCHAR(42) NOT NULL,
	AP1 VARCHAR(35) NOT NULL,
	AP2 VARCHAR(35) NULL,
	DIRECCION VARCHAR(40) NOT NULL,
	TELEFONO NUMBER(9) NOT NULL,
	TIPO VARCHAR(8) NOT NULL,
	CONSTRAINT PK_DATOSPERSONALES PRIMARY KEY(DNI),
);

ALTER TABLE ALUMNO DROP(NOMBRE,AP1,AP2,DIRECCION,TELEFONO);
ALTER TABLE PROFESOR DROP(NOMBRE,AP1,AP2,DIRECCION,TELEFONO);

ALTER TABLE ALUMNO ADD CONSTRAINT FK_DATOSPERSONALES FOREIGN KEY(DNI) REFERENCES DATOSPERSONALES(DNI);
ALTER TABLE PROFESOR ADD CONSTRAINT FK_DATOSPERSONALES FOREIGN KEY(DNI) REFERENCES DATOSPERSONALES(DNI);

INSERT INTO DATOSPERSONALES(DNI,NOMBRE,AP1,AP2,DIRECCION,TELEFONO,TIPO)VALUES('71654896M', 'MARTA', 'MARTIN', 'RODRIGUEZ', 'C/Miravilla', 983652148, 'ALUMNO');
INSERT INTO DATOSPERSONALES(DNI,NOMBRE,AP1,AP2,DIRECCION,TELEFONO,TIPO)VALUES('44103779F', 'JESUS', 'LOPEZ', 'ANTON', 'C/ Lopez Gomez', 654987123, 'PROFESOR');
INSERT INTO DATOSPERSONALES(DNI,NOMBRE,AP1,AP2,DIRECCION,TELEFONO,TIPO)VALUES('11526987G', 'PEDRO', 'DIAZ', 'HERNANDEZ', 'C/ Transicion', 698741236, 'ALUMNO')
INSERT INTO DATOSPERSONALES(DNI,NOMBRE,AP1,AP2,DIRECCION,TELEFONO,TIPO)VALUES('89621477A', 'LUIS', 'VILA', 'GOMEZ', 'C/ Cardenal Torquemada', 654710236, 'PROFESOR');
INSERT INTO DATOSPERSONALES(DNI,NOMBRE,AP1,AP2,DIRECCION,TELEFONO,TIPO)VALUES('45986321N', 'ANDREA', 'RIVAS', 'ALONSO', 'C/ Salud', 622254789, 'ALUMNO');
INSERT INTO DATOSPERSONALES(DNI,NOMBRE,AP1,AP2,DIRECCION,TELEFONO,TIPO)VALUES('71056984D', 'MIRIAM', 'ALONSO', 'BERODAS', 'Paseo Zorrilla', 645897123, 'ALUMNO');

INSERT INTO CICLOFORM(CODCICLO,NOMBRE,TIPO)VALUES(1565, 'DAM', 'GRADO SUPERIOR');
INSERT INTO CICLOFORM(CODCICLO,NOMBRE,TIPO)VALUES(2598, 'SMR', 'GRADO MEDIO');
INSERT INTO CICLOFORM(CODCICLO,NOMBRE,TIPO)VALUES(1489, 'ARI', 'GRADO SUPERIOR');

INSERT INTO PROFESOR(DNI,CUENTA)VALUES('44103779F', 'ES2002399348396092013170');
INSERT INTO PROFESOR(DNI,CUENTA)VALUES('89621477A', 'ES8501865417580989668301');

INSERT INTO ALUMNO(DNI,EMAIL)VALUES('71654896M', 'marta.mr@gmail.com');
INSERT INTO ALUMNO(DNI,EMAIL)VALUES('11526987G', 'pedro.dh@gmail.com');
INSERT INTO ALUMNO(DNI,EMAIL)VALUES('45986321N', 'andrea.ra@gmail.com');
INSERT INTO ALUMNO(DNI,EMAIL)VALUES('71056984D', 'miriam.ab@gmail.com');

INSERT INTO IDIOMA(CODIDIOMA,DESCRIPCION)VALUES(20, 'Ingles');
INSERT INTO IDIOMA(CODIDIOMA,DESCRIPCION)VALUES(30, 'Español');

INSERT INTO ASIGNATURA(CODASIG,NOMBRE,NUMHORAS,DNI,CODCICLO)VALUES(1, 'Empresa', 128, '44103779F', 1565);
INSERT INTO ASIGNATURA(CODASIG,NOMBRE,NUMHORAS,DNI,CODCICLO)VALUES(2, 'Informática Industrial', 269, '44103779F', 1565);
INSERT INTO ASIGNATURA(CODASIG,NOMBRE,NUMHORAS,DNI,CODCICLO)VALUES(3, 'Aplicaciones Web', 200, '89621477A', 2598);
INSERT INTO ASIGNATURA(CODASIG,NOMBRE,NUMHORAS,DNI,CODCICLO)VALUES(4, 'Bases de datos', 170, '89621477A', 1489);
INSERT INTO ASIGNATURA(CODASIG,NOMBRE,NUMHORAS,DNI,CODCICLO)VALUES(5, 'Programación', 225, '89621477A', 2598);

INSERT INTO IDIOMASPROF(CODIDIOMA,DNI)VALUES(30, '44103779F');
INSERT INTO IDIOMASPROF(CODIDIOMA,DNI)VALUES(20, '89621477A');
INSERT INTO IDIOMASPROF(CODIDIOMA,DNI)VALUES(30, '89621477A');

INSERT INTO MATRICULA(DNI,CODASIG)VALUES('71654896M', 1);
INSERT INTO MATRICULA(DNI,CODASIG)VALUES('11526987G', 2);
INSERT INTO MATRICULA(DNI,CODASIG)VALUES('45986321N', 3);
INSERT INTO MATRICULA(DNI,CODASIG)VALUES('71056984D', 4);
INSERT INTO MATRICULA(DNI,CODASIG)VALUES('71654896M', 5);
INSERT INTO MATRICULA(DNI,CODASIG)VALUES('11526987G', 1);

